handle,type,pain_quote,source_url,status,notes,run_id
@chunxiangai,founder_Laper,"Laper 1138 subs",https://laper.ai,watch,StoryFrame advisor,2026-09-13_112909
@dylan_wlms,founder_Propal,"Propal on sale $490",https://www.propal.io,watch,PitchAI intel,2026-09-13_112909
@borjasolerr,founder_Videotok,"AI video UGC",https://videotok.app,watch,peer DM,2026-09-13_112909
@markuipress,founder_contact_sheet,anonymous solo creator,,watch,cross-promo,2026-09-13_112909
@nikolarado29165,founder_NoContactTracker,"iOS solo",https://apps.apple.com/app/id6753717164,watch,peer,2026-09-13_112909
@BDFrankHoubre,indie_filmmaker,"AI Filmmaker building ScreenWeaver",https://x.com/BDFrankHoubre,beta_target,StoryFrame user,2026-09-13_112909
@bstuartTI,screenwriter,"commenting on dialogue",https://x.com/bstuartTI,beta_target,StoryFrame user,2026-09-13_112909
@LeoEspinozaCine,indie_filmmaker,"AI filmmaking too expensive",https://x.com/LeoEspinozaCine,beta_target,StoryFrame target,2026-09-13_112909
@KasiABrown,screenwriter,"PAGE finalist",https://x.com/KasiABrown,beta_target,StoryFrame user,2026-09-13_112909
@oxvision,AI_filmmaker,"Google/A24 partnerships",https://x.com/oxvision,watch,market intel,2026-09-13_112909
,group_facebook_phone_repair_owners,"50K+ members",https://facebook.com/groups/phone-repair-owners,gating_mod_target,PhoneFix launch,2026-09-13_112909
,subreddit_r_EtsySellers,"200K members",https://reddit.com/r/EtsySellers,gating_mod_target,PathKit launch,2026-09-13_112909
